<?xml version='1.0' encoding='utf-8'?>
<metadata>
  <idinfo>
    <citation>
      <citeinfo>
        <origin>Ben D. Hoen</origin>
        <origin>James E. Diffendorfer</origin>
        <origin>Joseph T. Rand</origin>
        <origin>Louisa A. Kramer</origin>
        <origin>Christopher P. Garrity</origin>
        <origin>Hannah E. Hunt</origin>
        <pubdate>20250522</pubdate>
        <title>United States Wind Turbine Database (v8.1, May 2025)</title>
        <geoform>Vector Digital Dataset (Point)</geoform>
        <pubinfo>
          <pubplace>Denver, CO and Reston, VA</pubplace>
          <publish>U.S. Geological Survey</publish>
        </pubinfo>
        <onlink>https://energy.usgs.gov/uswtdb/</onlink>
        <onlink>https://doi.org/10.5066/F7TX3DN0</onlink>
        <lworkcit>
          <citeinfo>
            <origin>Joseph T. Rand</origin>
            <origin>Louisa A. Kramer</origin>
            <origin>Christopher P. Garrity</origin>
            <origin>Ben D. Hoen</origin>
            <origin>Jay E. Diffendorfer</origin>
            <origin>Hannah E. Hunt</origin>
            <origin>Michael Spears</origin>
            <pubdate>20200113</pubdate>
            <title>A continuously updated, geospatially rectified database of utility-scale wind turbines in the United States</title>
            <geoform>publication</geoform>
            <serinfo>
              <sername>Scientific Data</sername>
              <issue>vol. 7, issue 1</issue>
            </serinfo>
            <pubinfo>
              <pubplace>n/a</pubplace>
              <publish>Springer Science and Business Media LLC</publish>
            </pubinfo>
            <onlink>https://doi.org/10.1038/s41597-020-0353-6</onlink>
          </citeinfo>
        </lworkcit>
      </citeinfo>
    </citation>
    <descript>
      <abstract>This dataset provides locations and technical specifications of wind turbines in the United States, almost all of which are utility-scale. Utility-scale turbines are ones that generate power and feed it into the grid, supplying a utility with energy. They are usually much larger than turbines that would feed a house or business. The regularly updated database contains wind turbine records that have been collected, digitized, and locationally verified. Turbine data were gathered from the Federal Aviation Administration's (FAA) Digital Obstacle File (DOF) and Obstruction Evaluation Airport Airspace Analysis (OE-AAA), American Clean Power (ACP) Association (formerly American Wind Energy Association (AWEA)), Lawrence Berkeley National Laboratory (LBNL), and the United States Geological Survey (USGS), and were merged and collapsed into a single dataset. Verification of the turbine positions was done by visual interpretation using high-resolution aerial imagery in ESRI ArcGIS Desktop. A locational error of plus or minus 10 meters for turbine locations was tolerated. Technical specifications for turbines were assigned based on the wind turbine make and models as provided by manufacturers and project developers directly, and via FAA datasets, information on the wind project developer or turbine manufacturer websites, or other online sources. Some facility and turbine information on make and model did not exist or was difficult to obtain. Thus, uncertainty may exist for certain turbine specifications. Similarly, some turbines were not yet built, not built at all, or for other reasons cannot be verified visually. Location and turbine specifications data quality are rated, and a confidence level (1 to 3) is recorded for both. None of the data are field verified.</abstract>
      <purpose>The purpose of this information is to provide a regularly updated, publicly available, spatially referenced, national dataset made up of utility-scale wind turbine locations and their technical specifications. An appropriate use of the data would be for scientific analysis, research, or for general interest for the public.</purpose>
      <supplinf>Compressed files provided within this data release are in in ESRI shapefile format. The user must have software capable of uncompressing the file and displaying the shapefile. In lieu of ArcGIS, the user may utilize another GIS application package capable of importing the data.</supplinf>
    </descript>
    <timeperd>
      <timeinfo>
        <rngdates>
          <begdate>1982</begdate>
          <enddate>2025</enddate>
        </rngdates>
      </timeinfo>
      <current>ground condition</current>
    </timeperd>
    <status>
      <progress>Planned</progress>
      <update>quarterly</update>
    </status>
    <spdom>
      <bounding>
        <westbc>-171.7131</westbc>
        <eastbc>144.7227</eastbc>
        <northbc>70.2097</northbc>
        <southbc>13.3894</southbc>
      </bounding>
    </spdom>
    <keywords>
      <theme>
        <themekt>None - Free Keywords</themekt>
        <themekey>turbine</themekey>
        <themekey>energy</themekey>
        <themekey>shapefile</themekey>
        <themekey>renewable</themekey>
        <themekey>wind turbine</themekey>
        <themekey>wind farm</themekey>
        <themekey>wind facility</themekey>
        <themekey>database</themekey>
        <themekey>turbine characteristics</themekey>
        <themekey>verified</themekey>
        <themekey>USWTDB</themekey>
        <themekey>national</themekey>
        <themekey>wind</themekey>
        <themekey>USGS</themekey>
        <themekey>U.S. Geological Survey</themekey>
        <themekey>LBNL</themekey>
        <themekey>Lawrence Berkeley National Laboratory</themekey>
        <themekey>ACP (formerly AWEA)</themekey>
        <themekey>ACP</themekey>
        <themekey>American Clean Power</themekey>
        <themekey>turbine</themekey>
      </theme>
    </keywords>
    <accconst>None. Please see 'Distribution Info' for details.</accconst>
    <useconst>None. Users are advised to read the dataset's metadata thoroughly to understand appropriate use and data limitations.</useconst>
    <ptcontac>
      <cntinfo>
        <cntorgp>
          <cntorg>Lawrence Berkeley National Laboratory</cntorg>
          <cntper>Ben D. Hoen</cntper>
        </cntorgp>
        <cntpos>Research Scientist</cntpos>
        <cntaddr>
          <addrtype>Mailing address</addrtype>
          <address>20 Sawmill Road</address>
          <city>Milan</city>
          <state>NY</state>
          <postal>12571</postal>
          <country>United States</country>
        </cntaddr>
        <cntvoice>845-758-1896</cntvoice>
        <cntfax>510-486-6996</cntfax>
        <cntemail>bhoen@lbl.gov</cntemail>
      </cntinfo>
    </ptcontac>
    <datacred>The creation of this database was jointly funded by the U.S. Department of Energy (DOE) Wind Energy Technologies Office (WETO) via the Lawrence Berkeley National Laboratory (LBNL) Electricity Markets and Policy Group, the U.S. Geological Survey (USGS) Energy Resources Program, and the American Clean Power Association (ACP). The authors thank Patrick Gilman, Maggie Yancey, and Jocelyn Brown-Saracino of the U.S. Department of Energy (DOE), as well as the USGS Energy Mission Area for their support. We would also like to thank the members of the Wind Turbine Radar Interference Mitigation working group for their feedback in the development of this database, particularly Jason Biddle and Lily Lee at MIT Lincoln Laboratory for their assistance in identifying dismantled turbines, and Scott Smith and Frederick “Stitch” Shepherd of North American Aerospace Defense Command (NORAD) for their unwavering support. Stephen Creed from the Bureau of Ocean Energy Management (BOEM)for his insight of offshore wind. Madison Langseth (USGS) for setting up the Digital Object Identifier (DOI) and releasing the data on ScienceBase, and Aaron Roper and Steven Cahan (USGS) for their assistance with turbine visual verification. Thanks, also, to Jarett Zuboy, Vivian Hutchison (USGS), and Salma Elmallah (LBNL) for reviewing and providing comments. USGS personnel were also supported by the Energy Resources Program including Evan Bargnesi, Eric Morrissey, Jeremy Ray and the Land Change Science Program, Darren (Paco) Van Sistine for their reviews and comments. </datacred>
    <native>Environment as of Metadata Creation: Microsoft 365 Version 2308 Build 16731.20636; Esri ArcPro 3.2.2</native>
  </idinfo>
  <dataqual>
    <attracc>
      <attraccr>Turbine data points were spatially verified using aerial imagery to confirm or edit their correct positions. The map scale used while verifying and digitizing turbines depended on location, need, and imagery availability. Authors used aerial imagery with a typical assessment map scale of 1:2,000 to 1:5,000. None of the spatial verification was done at a map scale smaller than 1:5,000. Uncertainty may exist for certain turbine "locations" as indicated in the confidence turbine location field (t_conf_loc). Uncertainty in turbine "specifications" is indicated in the confidence of attribute field (t_conf_atr).</attraccr>
    </attracc>
    <logic>No formal logical accuracy tests were conducted.</logic>
    <complete>This dataset is considered complete for the information presented, as described in the abstract. It is regularly updated (typically quarterly) to add and remove turbines. Characteristics and turbines specifications may be altered over time. Users should be aware that the location data was based on a snapshot in time; turbines could have been removed after that time or built since the image date presented. Users are advised to read the metadata record carefully for additional details. None of the data are field verified.</complete>
    <posacc>
      <horizpa>
        <horizpar>The wind turbine points were horizontally verified with aerial imagery as specified in the image source attribute. NAIP provides 1-meter ground sample distance orthoimagery to within plus or minus six meters to true ground at a 95-percent confidence level. The Bing Maps Aerial basemaps and Maxar (formerly Digital Globe) imagery have a variable resolution and accuracy based on image source, type, and location. The Bing Maps Aerial basemaps horizontal accuracy for CONUS is estimated to be 0.3 meters to 0.03 meters. Maxar imagery is estimated to be 0.3 meters to 0.03 meters.</horizpar>
      </horizpa>
      <vertacc>
        <vertaccr>A formal accuracy assessment of the vertical positional information in the dataset has either not been conducted or is not applicable.</vertaccr>
      </vertacc>
    </posacc>
    <lineage>
      <srcinfo>
        <srccite>
          <citeinfo>
            <origin>FAA</origin>
            <pubdate>20250318</pubdate>
            <title>Digital Obstacle File</title>
            <geoform>Other</geoform>
            <pubinfo>
              <pubplace>Aeronautical Information Services</pubplace>
              <publish>FAA</publish>
            </pubinfo>
            <onlink>https://www.faa.gov/air_traffic/flight_info/aeronav/digital_products/dof/</onlink>
          </citeinfo>
        </srccite>
        <typesrc>Digital and/or Hardcopy Resources</typesrc>
        <srctime>
          <timeinfo>
            <rngdates>
              <begdate>20250120</begdate>
              <enddate>20250316</enddate>
            </rngdates>
          </timeinfo>
          <srccurr>ground condition</srccurr>
        </srctime>
        <srccitea>FAA DOF</srccitea>
        <srccontr>Source information used in support of the development of the dataset.</srccontr>
      </srcinfo>
      <srcinfo>
        <srccite>
          <citeinfo>
            <origin>U.S. Geological Survey</origin>
            <pubdate>20150501</pubdate>
            <title>Onshore Industrial Wind Turbine Locations for the United States to March 2014.</title>
            <geoform>Vector Digital Dataset</geoform>
            <pubinfo>
              <pubplace>U.S. Geological Survey - ScienceBase</pubplace>
              <publish>U.S. Geological Survey</publish>
            </pubinfo>
            <onlink>https://doi.org/10.5066/F7251G8Q</onlink>
          </citeinfo>
        </srccite>
        <typesrc>Digital and/or Hardcopy Resources</typesrc>
        <srctime>
          <timeinfo>
            <rngdates>
              <begdate>19810101</begdate>
              <enddate>20140302</enddate>
            </rngdates>
          </timeinfo>
          <srccurr>ground condition</srccurr>
        </srctime>
        <srccitea>USGS 2014 Wind Turbine Locations</srccitea>
        <srccontr>Source information used in support of the development of the dataset.</srccontr>
      </srcinfo>
      <srcinfo>
        <srccite>
          <citeinfo>
            <origin>American Clean Power Association (formerly American Wind Energy Association)</origin>
            <pubdate>20250320</pubdate>
            <title>CleanPowerIQ</title>
            <geoform>Other</geoform>
            <pubinfo>
              <pubplace>Available to ACP members only</pubplace>
              <publish>American Clean Power Association (formerly American Wind Energy Association)</publish>
            </pubinfo>
            <onlink>https://cleanpower.org/cleanpower-iq/</onlink>
          </citeinfo>
        </srccite>
        <typesrc>Digital and/or Hardcopy Resources</typesrc>
        <srctime>
          <timeinfo>
            <rngdates>
              <begdate>19810101</begdate>
              <enddate>20241231</enddate>
            </rngdates>
          </timeinfo>
          <srccurr>ground condition</srccurr>
        </srctime>
        <srccitea>CleanpowerIQ</srccitea>
        <srccontr>Source information used in support of the development of the dataset. Data is only for internal ACP (formerly AWEA) member use.</srccontr>
      </srcinfo>
      <srcinfo>
        <srccite>
          <citeinfo>
            <origin>Lawrence Berkeley National Laboratory</origin>
            <pubdate>20170101</pubdate>
            <title>LBNL Wind Turbine Database</title>
            <geoform>Other</geoform>
            <pubinfo>
              <pubplace>NOT APPLICABLE - LBNL internal data</pubplace>
              <publish>LBNL</publish>
            </pubinfo>
            <onlink>NOT APPLICABLE</onlink>
          </citeinfo>
        </srccite>
        <typesrc>Digital and/or Hardcopy Resources</typesrc>
        <srctime>
          <timeinfo>
            <rngdates>
              <begdate>19860101</begdate>
              <enddate>20161231</enddate>
            </rngdates>
          </timeinfo>
          <srccurr>ground condition</srccurr>
        </srctime>
        <srccitea>LBNL WTDB</srccitea>
        <srccontr>Source information used in support of the development of the dataset. Data is only for internal use.</srccontr>
      </srcinfo>
      <srcinfo>
        <srccite>
          <citeinfo>
            <origin>FAA</origin>
            <pubdate>20250318</pubdate>
            <title>Obstruction Evaluation Airport Airspace Analysis</title>
            <geoform>Other</geoform>
            <pubinfo>
              <pubplace>Obstruction Evaluation Group</pubplace>
              <publish>FAA</publish>
            </pubinfo>
            <onlink>https://oeaaa.faa.gov/oeaaa/external/public/publicAction.jsp?action=showCaseDownloadForm</onlink>
          </citeinfo>
        </srccite>
        <typesrc>Digital and/or Hardcopy Resources</typesrc>
        <srctime>
          <timeinfo>
            <rngdates>
              <begdate>20050405</begdate>
              <enddate>20250311</enddate>
            </rngdates>
          </timeinfo>
          <srccurr>ground condition</srccurr>
        </srctime>
        <srccitea>FAA OE-AAA</srccitea>
        <srccontr>Source information used in support of the development of the dataset.</srccontr>
      </srcinfo>
      <srcinfo>
        <srccite>
          <citeinfo>
            <origin>EIA</origin>
            <pubdate>20240923</pubdate>
            <title>Form EIA-860 - Schedule 3 - Wind Technology Data</title>
            <geoform>Digital and/or Hardcopy Resources</geoform>
            <onlink>https://www.eia.gov/electricity/data/eia860/</onlink>
          </citeinfo>
        </srccite>
        <typesrc>Digital and/or Hardcopy Resources</typesrc>
        <srctime>
          <timeinfo>
            <sngdate>
              <caldate>20240923</caldate>
            </sngdate>
          </timeinfo>
          <srccurr>ground condition</srccurr>
        </srctime>
        <srccitea>EIA-860</srccitea>
        <srccontr>Source information used in support of the development of the dataset.</srccontr>
      </srcinfo>
      <procstep>
        <procdesc>Prior to the steps listed below, United States wind turbines were identified, mapped, and verified by the USGS for a separate dataset: 'Onshore Industrial Wind Turbine Locations for the United States to March 2014'. A description of the process to develop that dataset can be found in the metadata file for that release (https://doi.org/10.5066/F7251G8Q). Building off this earlier effort, the following steps were taken to expand and update the United States Wind Turbine Database (USWTDB) with the collaboration between the USGS, LBNL, and ACP (formerly AWEA). Please note that some steps are iterated on a quarterly basis to keep the dataset current. For additional information, see 'A continuously updated, geospatially rectified database of utility-scale wind turbines in the United States' https://doi.org/10.1038/s41597-020-0353-6. 

(1) The March 2014 USGS dataset containing 48,956 turbines, 34,864 of which had unique FAA Obstacle Repository System (ORS) numbers, was merged with the LBNL wind turbine dataset.
(2) The LBNL dataset had previously existed separately in-house and had the FAA ORS number as well as many of the same fields as the USGS dataset. It was merged into the USGS dataset using the ORS number, bringing in LBNL fields and IDs. 
(3) Non-matching LBNL turbines were also added as LBNL-only turbines.
(4) The most recent FAA Digital Obstacle File (DOF) was downloaded and filtered for "windmills", and reprojected from WGS-84, as FAA provided it, to NAD-83 datum, the USGS and LBNL datum. These new coordinates were used later in the process.
(5) The DOF dataset was then merged into the working USWTDB using the ORS number, keeping new (non-matching) DOF-only turbines, and DOF variables (faa_aglht, faa_amslht, faa_asn, ylat, xlong). 
(6) The most recent FAA Obstacle Evaluation Airport Airspace Analysis (OE-AAA) file was downloaded and filtered for "windmills".
(7) The OE-AAA dataset was merged into working USWTDB using the Aeronautical Study Number (ASN) and preserved as the faa_asn attribute, keeping new (non-matching) turbines as OE-only and OE-AAA variables (oe_builtdate, oe_appdate, oe_expdate, oe_comdate, notice of, status, dtrmntn, oe_aglht, ylat, xlong). 
(8) The latest ACP WindIQ turbine dataset was downloaded. 
(9) A geospatial match between ACP turbines and the working USWTDB was performed using the "geonear" command in Stata statistical analysis software and the following steps: [a] Save separate ACP and working USWTDB datasets. [b] Run the "geonear" command in Stata between the two datasets to determine and "match" nearest neighbors (i.e., these turbines are suspected to be the same turbine but from the two different datasets) and calculate the distance between them. [c] Calculate differences in the installed year, hub height, rotor diameter, and total height between "matched" turbine pairs. [d] Accept "match" (meaning assume they are, in fact, the same turbine) IF the distance between pairs is zero (perfect geospatial match), OR the distance between pairs is less than 100 feet (30.5 m) and hub height, rotor diameter, and installed year are equal between the pairs. If the match criteria were not met, both turbines in the pair were saved for subsequent visual inspection and for the "manual" confirmation of the match. Non-matching ACP turbines were added to the dataset as ACP-only turbines, and all ACP variables (turbine ID, p_year, t_cap, t_hh, t_rd, t_ttlh, ylat, xlong, t_manu, t_model, t_state, t_retrofit, t_retro_yr, as well as other variables) were added to the dataset. 
(10) A hierarchy was developed because multiple datasets contain some of the same fields (e.g., t_ttlh was contained in USGS, LBNL, DOF, OE-AAA, and ACP datasets) Because LBNL and ACP data are sourced from two high-quality sources (OEMs and developers) and reconciled to eliminate differences, LBNL data is the primary source for turbine attributes and turbine project characteristics, followed by ACP, USGS, DOF, and finally OE-AAA. In the overwhelming majority of cases, differences between sources were minimal, but when discrepancies existed, that order was used to populate fields. All fields that are missing from higher-order sources are populated from lower sources. 
(11) The working (i.e., fully merged) USWTDB was spatially joined with base layers via ArcMap in order to pin t_state, t_county, and t_fips to turbine points. 
(12) Turbine points were selected by state, saved as individual turbine files for each state, and distributed to authors for editing. 
(13) A basemap image from Maxar (formerly Digital Globe) was added to the ArcMap project file. If Digital Globe imagery did not show a turbine installation, USDA/NAIP County Mosaic Orthoimagery or Google Earth imagery was cross-checked. Previous Bing map image source was retained for some of the previous USGS data. 
(14) Turbine points were visually verified and edited/moved to the base of the turbine as needed with an estimated tolerance of 10 meters. 
(15) If the turbine data point was not seen on an image, the t_conf_loc was entered as 1. If the turbine point was in partial construction or had other doubts, the t_conf_loc was entered as 2. If a turbine was clearly seen on an image, the t_conf_loc was entered as 3. Turbines that have not yet been visually verified are labeled with 0 in t_conf_loc. 
(16) Turbine points that had existed previously but were since decommissioned and removed were flagged as decommissioned and later removed (see step 20). 
(17) Duplicate turbine points (largely resulting from ACP geospatial merge) were identified, and t_img_date, and t_img_src  were attributed for each turbine. 
(18) Non-turbine points that had been assigned FAA Obstacle Repository System (ORS) numbers or were digitized in the process, such as communications towers, meteorological towers, water windmills, power transmission towers, etc., were removed.  
(19) Edited wind turbine files for each state were merged into one single shapefile. Turbines identified as duplicates were matched, all fields were collapsed into a single turbine observation, and duplicate points were removed.  
(20) Turbines flagged as decommissioned were removed.
(21) QA/QC was conducted for spatial accuracy and attribution by a peer or a supervisor other than the author who initially completed the work. As noted above, steps 4-21 are repeated on a quarterly basis, using the most recent USWTDB as the starting point. 
(22) Starting with version 2_3, an additional attribute of the eia_id 860 plant code was added to allow users to correlate to EIA 860 data. The plant codes were initially matched to ACP base data when available and provided by ACP. The incomplete values were matched manually based on project name, year, turbine make/model, state, county, etc. 
(23) Starting with version 3_3, two additional attributes were added.  The attributes retrofit (later renamed t_retrofit) and t_retro_yr included ACP data to identify turbines that have been partially retrofitted (i.e., new rotor blades and/or nacelles on existing towers) and the year the retrofit occurred. This information is derived from ACP's WindIQ database. 
(24) An additional attribute named t_offshore was added with version 7_0 to identify turbines that are located offshore. 
(25) Lastly, a CSV of the data was exported, a changelog was created, and a data dictionary defining the entities and attributes was included; all are available for download with this data release.</procdesc>
        <procdate>20250522</procdate>
      </procstep>
    </lineage>
  </dataqual>
  <spdoinfo>
    <direct>Point</direct>
    <ptvctinf>
      <sdtsterm>
        <sdtstype>Entity point</sdtstype>
        <ptvctcnt>76051</ptvctcnt>
      </sdtsterm>
    </ptvctinf>
  </spdoinfo>
  <spref>
    <horizsys>
      <geograph>
        <latres>0.000000001</latres>
        <longres>0.000000001</longres>
        <geogunit>Decimal degrees</geogunit>
      </geograph>
      <geodetic>
        <horizdn>D_North_American_1983</horizdn>
        <ellips>GRS_1980</ellips>
        <semiaxis>6378137.0</semiaxis>
        <denflat>298.257222101</denflat>
      </geodetic>
    </horizsys>
  </spref>
  <eainfo>
    <detailed>
      <enttyp>
        <enttypl>Attribute Table</enttypl>
        <enttypd>Table containing attribute information associated with the shapefile and CSV file with date and version in title.</enttypd>
        <enttypds>Producer Defined</enttypds>
      </enttyp>
      <attr>
        <attrlabl>case_id</attrlabl>
        <attrdef>Unique stable identification number.</attrdef>
        <attrdefs>Producer Defined</attrdefs>
        <attrdomv>
          <rdom>
            <rdommin>3000001</rdommin>
            <rdommax>3140627</rdommax>
          </rdom>
        </attrdomv>
      </attr>
      <attr>
        <attrlabl>faa_ors</attrlabl>
        <attrdef>FAA unique identifier for each turbine for cross-reference to the FAA Digital Obstacle Files (FAA DOF ).</attrdef>
        <attrdefs>FAA, https://www.faa.gov/air_traffic/flight_info/aeronav/digital_products/dof/</attrdefs>
        <attrdomv>
          <edom>
            <edomv>missing</edomv>
            <edomvd>"missing" values in the shapefile and blank values in the CSV indicate unknown values.</edomvd>
            <edomvds>Producer defined</edomvds>
          </edom>
        </attrdomv>
        <attrdomv>
          <udom>Identifier with the first two digits indicating a state, then a dash, with a sequential number following.</udom>
        </attrdomv>
      </attr>
      <attr>
        <attrlabl>faa_asn</attrlabl>
        <attrdef>FAA obstruction evaluation airport airspace analysis (oe-aaa) aeronautical study number (asn).</attrdef>
        <attrdefs>FAA, https://oeaaa.faa.gov/oeaaa/external/public/publicAction.jsp</attrdefs>
        <attrdomv>
          <edom>
            <edomv>missing</edomv>
            <edomvd>"missing" values in the shapefile and blank values in the CSV indicate unknown values.</edomvd>
            <edomvds>Producer defined</edomvds>
          </edom>
        </attrdomv>
        <attrdomv>
          <udom>Identifier with the following format: year-region-number-case type (FAA regional boundaries id across the country such as: AAL, ACE, AEA, AGL, ANE, ANM, ASO, ASW, AWP, WTE and WTW)(case types: Nonrule Making Airport. (NRA), Nonrule (NR), or an Obstruction Evaluation (OE) study).</udom>
        </attrdomv>
      </attr>
      <attr>
        <attrlabl>eia_id</attrlabl>
        <attrdef>EIA identification for cross-reference to the EIA-860 data.</attrdef>
        <attrdefs>https://www.eia.gov/electricity/data/eia860/</attrdefs>
        <attrdomv>
          <edom>
            <edomv>-9999</edomv>
            <edomvd>-9999 values in the shapefile and blank values in the CSV indicate no known value.</edomvd>
            <edomvds>Producer Defined</edomvds>
          </edom>
        </attrdomv>
        <attrdomv>
          <rdom>
            <rdommin>90</rdommin>
            <rdommax>68318</rdommax>
          </rdom>
        </attrdomv>
      </attr>
      <attr>
        <attrlabl>usgs_pr_id</attrlabl>
        <attrdef>Unique, stable object number for cross-reference to a prior dataset.</attrdef>
        <attrdefs>USGS https://doi.org/10.5066/F7251G8Q</attrdefs>
        <attrdomv>
          <edom>
            <edomv>-9999</edomv>
            <edomvd>-9999 values in the shapefile and blank values in the CSV indicate no known value.</edomvd>
            <edomvds>Producer Defined</edomvds>
          </edom>
        </attrdomv>
        <attrdomv>
          <rdom>
            <rdommin>1</rdommin>
            <rdommax>49135</rdommax>
          </rdom>
        </attrdomv>
      </attr>
      <attr>
        <attrlabl>t_state</attrlabl>
        <attrdef>State where turbine is located.</attrdef>
        <attrdefs>https://www2.census.gov/geo/tiger/TIGER_RD18/LAYER/</attrdefs>
        <attrdomv>
          <edom>
            <edomv>NA</edomv>
            <edomvd>Not applicable (N/A). This is for offshore turbines where this attribute would not apply.</edomvd>
            <edomvds>Producer Defined</edomvds>
          </edom>
        </attrdomv>
        <attrdomv>
          <codesetd>
            <codesetn>U.S. Postal 2-Letter State</codesetn>
            <codesets>U.S. Census / U.S. Postal Service https://www.census.gov/geographies/mapping-files.html</codesets>
          </codesetd>
        </attrdomv>
      </attr>
      <attr>
        <attrlabl>t_county</attrlabl>
        <attrdef>County or county equivalent where the turbine is located.</attrdef>
        <attrdefs>https://www.census.gov/geographies/mapping-files/2018/geo/carto-boundary-file.html</attrdefs>
        <attrdomv>
          <edom>
            <edomv>NA</edomv>
            <edomvd>Not applicable (N/A). This is for offshore turbines where this attribute would not apply.</edomvd>
            <edomvds>Producer Defined</edomvds>
          </edom>
        </attrdomv>
        <attrdomv>
          <udom>County or county equivalent, based on the spatial join of turbine points with U.S. state and county shapefile.</udom>
        </attrdomv>
      </attr>
      <attr>
        <attrlabl>t_fips</attrlabl>
        <attrdef>State and county FIPS where turbine is located, based on the spatial join of turbine points with U.S. state and county shapefile.</attrdef>
        <attrdefs>U.S. Census</attrdefs>
        <attrdomv>
          <edom>
            <edomv>NA</edomv>
            <edomvd>Not applicable (N/A). This is for offshore turbines where this attribute would not apply.</edomvd>
            <edomvds>Producer Defined</edomvds>
          </edom>
        </attrdomv>
        <attrdomv>
          <codesetd>
            <codesetn>FIPS Code (5-Digit State and County ID)</codesetn>
            <codesets>U.S. Census / U.S. Postal Service https://www.census.gov/programs-surveys/geography/technical-documentation/code-lists.html</codesets>
          </codesetd>
        </attrdomv>
      </attr>
      <attr>
        <attrlabl>p_name</attrlabl>
        <attrdef>Name of the wind power project that the turbine is a part of.</attrdef>
        <attrdefs>Producer Defined</attrdefs>
        <attrdomv>
          <edom>
            <edomv>unknown Name County</edomv>
            <edomvd>If no project name can be identified via these methods, authors assigned a name based on the county where the turbines are located.</edomvd>
            <edomvds>Producer defined</edomvds>
          </edom>
        </attrdomv>
        <attrdomv>
          <udom>Project names are typically provided to ACP (formerly AWEA) by the developer; some names are identified from other website search resources, and others are created by the authors to differentiate them from previous projects. </udom>
        </attrdomv>
      </attr>
      <attr>
        <attrlabl>p_year</attrlabl>
        <attrdef>The year the wind power project became operational and began providing power. In some cases, the year is estimated based on the year the turbine was erected, which may precede when it became operational and sometimes fall in the preceding year.</attrdef>
        <attrdefs>Producer Defined</attrdefs>
        <attrdomv>
          <edom>
            <edomv>-9999</edomv>
            <edomvd>-9999 values in the shapefile and blank values in the CSV indicate no known value.</edomvd>
            <edomvds>Producer Defined</edomvds>
          </edom>
        </attrdomv>
        <attrdomv>
          <rdom>
            <rdommin>1982</rdommin>
            <rdommax>2025</rdommax>
            <attrunit>Year</attrunit>
          </rdom>
        </attrdomv>
      </attr>
      <attr>
        <attrlabl>p_tnum</attrlabl>
        <attrdef>The number of turbines in the wind power project.</attrdef>
        <attrdefs>Producer Defined</attrdefs>
        <attrdomv>
          <rdom>
            <rdommin>1</rdommin>
            <rdommax>713</rdommax>
            <attrunit>Count</attrunit>
          </rdom>
        </attrdomv>
      </attr>
      <attr>
        <attrlabl>p_cap</attrlabl>
        <attrdef>The cumulative capacity of all turbines in the wind power project, in megawatts (MW).</attrdef>
        <attrdefs>Producer Defined</attrdefs>
        <attrdomv>
          <edom>
            <edomv>-9999</edomv>
            <edomvd>-9999 values in the shapefile and blank values in the CSV indicate no known value.</edomvd>
            <edomvds>Producer Defined</edomvds>
          </edom>
        </attrdomv>
        <attrdomv>
          <rdom>
            <rdommin>0.05</rdommin>
            <rdommax>1055.6</rdommax>
            <attrunit>Megawatts</attrunit>
          </rdom>
        </attrdomv>
      </attr>
      <attr>
        <attrlabl>t_manu</attrlabl>
        <attrdef>Turbine manufacturer - name of the original equipment manufacturer of the turbine.</attrdef>
        <attrdefs>Producer Defined</attrdefs>
        <attrdomv>
          <edom>
            <edomv>missing</edomv>
            <edomvd>"missing" values in the shapefile and blank values in the CSV indicate unknown values.</edomvd>
            <edomvds>Producer Defined</edomvds>
          </edom>
        </attrdomv>
        <attrdomv>
          <udom>Name of the original equipment manufacturer (e.g., Vestas, Siemens, Suzlon, etc.).</udom>
        </attrdomv>
      </attr>
      <attr>
        <attrlabl>t_model</attrlabl>
        <attrdef>Turbine model - manufacturer's model name of each turbine.</attrdef>
        <attrdefs>Producer Defined</attrdefs>
        <attrdomv>
          <edom>
            <edomv>missing</edomv>
            <edomvd>"missing" values in the shapefile and blank values in the CSV are unknown.</edomvd>
            <edomvds>Producer Defined</edomvds>
          </edom>
        </attrdomv>
        <attrdomv>
          <udom>Manufacturer's model name of each turbine (e.g., 1.5SLE, V100_1.8, Z50, etc.).</udom>
        </attrdomv>
      </attr>
      <attr>
        <attrlabl>t_cap</attrlabl>
        <attrdef>Turbine rated capacity in kilowatts (kW). The manufacturer's stated output power at rated wind speed. Data from ACP (formerly AWEA), manufacturer data, and/or other internet resources.</attrdef>
        <attrdefs>Producer Defined</attrdefs>
        <attrdomv>
          <edom>
            <edomv>-9999</edomv>
            <edomvd>-9999 values in the shapefile and blank values in the CSV indicate no known value.</edomvd>
            <edomvds>Producer Defined</edomvds>
          </edom>
        </attrdomv>
        <attrdomv>
          <rdom>
            <rdommin>50</rdommin>
            <rdommax>13000</rdommax>
            <attrunit>kilowatt</attrunit>
          </rdom>
        </attrdomv>
      </attr>
      <attr>
        <attrlabl>t_hh</attrlabl>
        <attrdef>Turbine hub height in meters (m). Data from ACP (formerly AWEA), manufacturer data, and/or other internet resources.</attrdef>
        <attrdefs>Producer Defined</attrdefs>
        <attrdomv>
          <edom>
            <edomv>-9999</edomv>
            <edomvd>-9999 values in the shapefile and blank values in the CSV indicate no known value.</edomvd>
            <edomvds>Producer Defined</edomvds>
          </edom>
        </attrdomv>
        <attrdomv>
          <rdom>
            <rdommin>19.0</rdommin>
            <rdommax>136.0</rdommax>
            <attrunit>meter</attrunit>
          </rdom>
        </attrdomv>
      </attr>
      <attr>
        <attrlabl>t_rd</attrlabl>
        <attrdef>Turbine rotor diameter in meters (m).</attrdef>
        <attrdefs>Producer Defined</attrdefs>
        <attrdomv>
          <edom>
            <edomv>-9999</edomv>
            <edomvd>-9999 values in the shapefile and blank values in the CSV indicate no known value.</edomvd>
            <edomvds>Producer Defined</edomvds>
          </edom>
        </attrdomv>
        <attrdomv>
          <rdom>
            <rdommin>13.4</rdommin>
            <rdommax>200.0</rdommax>
            <attrunit>meter</attrunit>
          </rdom>
        </attrdomv>
      </attr>
      <attr>
        <attrlabl>t_rsa</attrlabl>
        <attrdef>Turbine rotor swept area in square meters (m^2);  if not given, calculated as 3.14159 (([rotor_dia]/2)*([rotor_dia] /2)).</attrdef>
        <attrdefs>Producer Defined</attrdefs>
        <attrdomv>
          <edom>
            <edomv>-9999</edomv>
            <edomvd>-9999 values in the shapefile and blank values in the CSV indicate no known value.</edomvd>
            <edomvds>Producer Defined</edomvds>
          </edom>
        </attrdomv>
        <attrdomv>
          <rdom>
            <rdommin>141.03</rdommin>
            <rdommax>31415.93</rdommax>
            <attrunit>square meter</attrunit>
          </rdom>
        </attrdomv>
      </attr>
      <attr>
        <attrlabl>t_ttlh</attrlabl>
        <attrdef>Turbine total height - height of the entire wind turbine from the ground to the tip of a vertically extended blade above the tower. Computed as the hub height plus half of the rotor diameter, in meters, when t_hh and t_rd are non-missing. Otherwise, the total height as provided by the FAA DOF or FAA OE/AAA is used, which can be considered a maximum height.</attrdef>
        <attrdefs>Producer Defined</attrdefs>
        <attrdomv>
          <edom>
            <edomv>-9999</edomv>
            <edomvd>-9999 values in the shapefile and blank values in the CSV indicate no known value.</edomvd>
            <edomvds>Producer Defined</edomvds>
          </edom>
        </attrdomv>
        <attrdomv>
          <rdom>
            <rdommin>31.0</rdommin>
            <rdommax>210.9</rdommax>
            <attrunit>meter</attrunit>
          </rdom>
        </attrdomv>
      </attr>
      <attr>
        <attrlabl>t_retrofit</attrlabl>
        <attrdef>Indicator of whether the turbine has been partially retrofitted after initial construction (e.g., rotor and/or nacelle replacement).</attrdef>
        <attrdefs>Producer Defined</attrdefs>
        <attrdomv>
          <edom>
            <edomv>0</edomv>
            <edomvd>No known retrofit.</edomvd>
            <edomvds>Producer Defined</edomvds>
          </edom>
        </attrdomv>
        <attrdomv>
          <edom>
            <edomv>1</edomv>
            <edomvd>Yes known retrofit.</edomvd>
            <edomvds>Producer Defined</edomvds>
          </edom>
        </attrdomv>
      </attr>
      <attr>
        <attrlabl>t_retro_yr</attrlabl>
        <attrdef>Year in which the turbine was partially retrofitted.</attrdef>
        <attrdefs>Producer Defined</attrdefs>
        <attrdomv>
          <edom>
            <edomv>-9999</edomv>
            <edomvd>-9999 values in the shapefile and blank values in the CSV indicate that the turbine was not retrofitted or the year of retrofit is unknown.</edomvd>
            <edomvds>Producer Defined</edomvds>
          </edom>
        </attrdomv>
        <attrdomv>
          <rdom>
            <rdommin>2015</rdommin>
            <rdommax>2023</rdommax>
            <attrunit>Year</attrunit>
          </rdom>
        </attrdomv>
      </attr>
      <attr>
        <attrlabl>t_offshore</attrlabl>
        <attrdef>Indicator of whether the turbine is offshore.</attrdef>
        <attrdefs>Producer Defined</attrdefs>
        <attrdomv>
          <edom>
            <edomv>0</edomv>
            <edomvd>Not offshore.</edomvd>
            <edomvds>Producer Defined</edomvds>
          </edom>
        </attrdomv>
        <attrdomv>
          <edom>
            <edomv>1</edomv>
            <edomvd>Offshore.</edomvd>
            <edomvds>Producer Defined</edomvds>
          </edom>
        </attrdomv>
      </attr>
      <attr>
        <attrlabl>t_conf_atr</attrlabl>
        <attrdef>Level of confidence in the turbine's attributes, from low to high.</attrdef>
        <attrdefs>Producer Defined</attrdefs>
        <attrdomv>
          <edom>
            <edomv>1</edomv>
            <edomvd>No confidence: no information found.</edomvd>
            <edomvds>Producer Defined</edomvds>
          </edom>
        </attrdomv>
        <attrdomv>
          <edom>
            <edomv>2</edomv>
            <edomvd>Partial confidence: incomplete information or discrepancies across data sources or other issues found.</edomvd>
            <edomvds>Producer Defined</edomvds>
          </edom>
        </attrdomv>
        <attrdomv>
          <edom>
            <edomv>3</edomv>
            <edomvd>Full confidence: consistent information across multiple data sources.</edomvd>
            <edomvds>Producer Defined</edomvds>
          </edom>
        </attrdomv>
      </attr>
      <attr>
        <attrlabl>t_conf_loc</attrlabl>
        <attrdef>Level of confidence in the turbine's location, from low to high.</attrdef>
        <attrdefs>Producer Defined</attrdefs>
        <attrdomv>
          <edom>
            <edomv>1</edomv>
            <edomvd>No confidence: nothing on image, image has clouds, never built, previously removed, needs newer imagery.</edomvd>
            <edomvds>Producer Defined</edomvds>
          </edom>
        </attrdomv>
        <attrdomv>
          <edom>
            <edomv>2</edomv>
            <edomvd>Partial confidence: image shows developed pad with base and/or turbine parts on ground.</edomvd>
            <edomvds>Producer Defined</edomvds>
          </edom>
        </attrdomv>
        <attrdomv>
          <edom>
            <edomv>3</edomv>
            <edomvd>Full confidence: image shows an installed turbine or tower being constructed; the tower is at least partially present with neighboring turbines constructed.</edomvd>
            <edomvds>Producer Defined</edomvds>
          </edom>
        </attrdomv>
      </attr>
      <attr>
        <attrlabl>t_img_date</attrlabl>
        <attrdef>Acquisition date of the aerial image used to confirm the facility location, usually as provided by the image vendor. If NAIP is the image source, the month and day were set to 01/01.</attrdef>
        <attrdefs>Producer Defined</attrdefs>
        <attrdomv>
          <edom>
            <edomv>Null</edomv>
            <edomvd>Null values in the shapefile and blank values in the CSV indicate no known value.</edomvd>
            <edomvds>Producer Defined</edomvds>
          </edom>
        </attrdomv>
        <attrdomv>
          <rdom>
            <rdommin>01/01/2010</rdommin>
            <rdommax>03/25/2025</rdommax>
            <attrunit>date</attrunit>
          </rdom>
        </attrdomv>
      </attr>
      <attr>
        <attrlabl>t_img_src</attrlabl>
        <attrdef>Source of the image used to visually verify the turbine location.</attrdef>
        <attrdefs>Producer Defined</attrdefs>
        <attrdomv>
          <edom>
            <edomv>Bing Maps Aerial</edomv>
            <edomvd>ESRI ArcMap Base maps, available from ESRI ArcMap.</edomvd>
            <edomvds>Producer Defined</edomvds>
          </edom>
        </attrdomv>
        <attrdomv>
          <edom>
            <edomv>Planet</edomv>
            <edomvd>Planet imagery, available from https://www.planet.com/.</edomvd>
            <edomvds>Producer Defined</edomvds>
          </edom>
        </attrdomv>
        <attrdomv>
          <edom>
            <edomv>Maxar</edomv>
            <edomvd>Maxar (formerly Digital Globe) EV WebHosting Imagery from https://pro.gegd.com.</edomvd>
            <edomvds>Producer Defined</edomvds>
          </edom>
        </attrdomv>
        <attrdomv>
          <edom>
            <edomv>Google Earth</edomv>
            <edomvd>https://www.google.com/earth/versions/#earth-pro.</edomvd>
            <edomvds>Producer Defined</edomvds>
          </edom>
        </attrdomv>
        <attrdomv>
          <edom>
            <edomv>NAIP</edomv>
            <edomvd>National Agriculture Imagery Program County Mosaics from https://datagateway.nrcs.usda.gov/.</edomvd>
            <edomvds>Producer Defined</edomvds>
          </edom>
        </attrdomv>
      </attr>
      <attr>
        <attrlabl>xlong</attrlabl>
        <attrdef>Current longitude of the turbine point, in decimal degrees calculated in ArcMap using GCS: North American 1983 (NAD 83).</attrdef>
        <attrdefs>Producer Defined</attrdefs>
        <attrdomv>
          <rdom>
            <rdommin>-171.713074</rdommin>
            <rdommax>144.722656</rdommax>
            <attrunit>decimal degrees</attrunit>
          </rdom>
        </attrdomv>
      </attr>
      <attr>
        <attrlabl>ylat</attrlabl>
        <attrdef>Current latitude of the turbine point, in decimal degrees calculated in ArcMap using GCS: North American 1983 (NAD 83).</attrdef>
        <attrdefs>Producer Defined</attrdefs>
        <attrdomv>
          <rdom>
            <rdommin>13.389381</rdommin>
            <rdommax>70.209709</rdommax>
            <attrunit>decimal degrees</attrunit>
          </rdom>
        </attrdomv>
      </attr>
    </detailed>
    <overview>
      <eaover>Associated files have a naming convention by current version and date. Files include shapefile, CSV, FGDC-compliant metadata, and a changelog.</eaover>
      <eadetcit>The suggested citation for use in academic papers and otherwise where applicable is as follows: Hoen, B.D., Diffendorfer, J.E., Rand, J.T., Kramer, L.A., Garrity, C.P., and Hunt, H.E., 2018, United States Wind Turbine Database (ver. X.X, Month YYYY): U.S. Geological Survey, American Clean Power Association, and Lawrence Berkeley National Laboratory data release, https://doi.org/10.5066/F7TX3DN0.</eadetcit>
    </overview>
  </eainfo>
  <distinfo>
    <distrib>
      <cntinfo>
        <cntorgp>
          <cntorg>U.S. Geological Survey - ScienceBase</cntorg>
        </cntorgp>
        <cntaddr>
          <addrtype>Mailing address</addrtype>
          <address>Denver Federal Center, Building 810, Mail Stop 302</address>
          <city>Denver</city>
          <state>CO</state>
          <postal>80225</postal>
          <country>United States</country>
        </cntaddr>
        <cntvoice>1-888-275-8747</cntvoice>
        <cntemail>sciencebase@usgs.gov</cntemail>
      </cntinfo>
    </distrib>
    <distliab>Unless otherwise stated, all data, metadata, and related materials are considered to satisfy the quality standards relative to the purpose for which the data were collected. Although these data and associated metadata have been reviewed for accuracy and completeness and approved for release by the U.S. Geological Survey (USGS), no warranty expressed or implied is made regarding the display or utility of the data for other purposes, nor on all computer systems, nor shall the act of distribution constitute any such warranty. Any use of trade, firm, or product names is for descriptive purposes only and does not imply endorsement by the U.S. Government. While these data are believed to contain accurate information, neither the United States Government nor any agency thereof, nor Lawrence Berkeley National Lab, nor The Regents of the University of California, nor any of their employees, makes any warranty, express or implied, or assumes any legal responsibility for the accuracy, completeness, or usefulness of any information, apparatus, product, or process disclosed, or represents that its use would not infringe privately owned rights. Reference herein to any specific commercial product, process, or service by its trade name, trademark, manufacturer, or otherwise, does not necessarily constitute or imply its endorsement, recommendation, or favoring by the United States Government or any agency thereof, or The Regents of the University of California.</distliab>
    <stdorder>
      <digform>
        <digtinfo>
          <formname>Digital Data</formname>
        </digtinfo>
        <digtopt>
          <onlinopt>
            <computer>
              <networka>
                <networkr>https://doi.org/10.5066/F7TX3DN0</networkr>
              </networka>
            </computer>
          </onlinopt>
        </digtopt>
      </digform>
      <fees>None</fees>
    </stdorder>
  </distinfo>
  <metainfo>
    <metd>20250522</metd>
    <metc>
      <cntinfo>
        <cntperp>
          <cntper>Louisa Kramer</cntper>
          <cntorg>Geology, Energy and Minerals Science Center</cntorg>
        </cntperp>
        <cntpos>GIScience</cntpos>
        <cntaddr>
          <addrtype>Mailing address</addrtype>
          <address>12201 Sunrise Valley Drive</address>
          <city>Reston</city>
          <state>VA</state>
          <postal>20192</postal>
          <country>United States</country>
        </cntaddr>
        <cntvoice>703-648-6426</cntvoice>
        <cntfax>703-648-6419</cntfax>
        <cntemail>GS-USWTDB@usgs.gov</cntemail>
      </cntinfo>
    </metc>
    <metstdn>FGDC Content Standard for Digital Geospatial Metadata</metstdn>
    <metstdv>FGDC-STD-001-1998</metstdv>
  </metainfo>
</metadata>