<?xml version='1.0' encoding='UTF-8'?>
<metadata>
  <idinfo>
    <citation>
      <citeinfo>
        <origin>K. Sydny Fujita</origin>
        <origin>Zachary H. Ancona</origin>
        <origin>Louisa A. Kramer</origin>
        <origin>Mary Straka</origin>
        <origin>Tandie E. Gautreau</origin>
        <origin>Christopher P. Garrity</origin>
        <origin>Dana Robson</origin>
        <origin>Jay E. Diffendorfer</origin>
        <origin>Ben Hoen</origin>
        <pubdate>20250430</pubdate>
        <title>United States Large-Scale Solar Photovoltaic Database (ver. 3.0, April 2025)</title>
        <geoform>Vector Digital Data Set (Shape)</geoform>
        <pubinfo>
          <pubplace>Denver, CO</pubplace>
          <publish>U.S. Geological Survey</publish>
        </pubinfo>
        <othercit>
</othercit>
        <onlink>https://doi.org/10.5066/P9IA3TUS</onlink>
        <onlink>https://energy.usgs.gov/uspvdb/</onlink>
        <lworkcit>
          <citeinfo>
            <origin>K. Sydny Fujita</origin>
            <origin>Zachary H. Ancona</origin>
            <origin>Louisa A. Kramer</origin>
            <origin>Jay E. Diffendorfer</origin>
            <origin>Mary Straka</origin>
            <origin>Tandie E. Gautreau</origin>
            <origin>Dana Robson</origin>
            <origin>Ben Hoen</origin>
            <origin>Christopher P. Garrity</origin>
            <pubdate>20231108</pubdate>
            <title>Georectified polygon database of ground-mounted large scale solar photovoltaic sites in the United States.</title>
            <geoform>JOURNAL</geoform>
            <serinfo>
              <sername>Scientific Data</sername>
              <issue>10:760</issue>
            </serinfo>
            <onlink>https://doi.org/10.1038/s41597-023-02644-8</onlink>
          </citeinfo>
        </lworkcit>
      </citeinfo>
    </citation>
    <descript>
      <abstract>Analysts from the U.S. Geological Survey and Lawrence Berkeley National Laboratory collaborated to develop and release the United States Large Scale Solar Photovoltaic Database (USPVDB). This effort built from the expertise gained while developing the regularly updated United States Wind Turbine Database (USWTDB). Starting from Energy Information Administration (EIA) data, locations of large-scale solar photovoltaic (LSPV) facilities were visually verified using high-resolution aerial imagery; a polygon was drawn around the extent of facility panel arrays, and facility attributes were appended. Quality assurance and control were achieved via team peer review and comparing the USPVDB to other datasets of U.S. solar photovoltaic facilities. Some facility information did not exist within our source data or not yet built, not built at all, or located elsewhere. Thus, uncertainty may exist for certain facilities and a confidence level of 1 to 4 is given for each.  None of the data are field verified.</abstract>
      <purpose>The purpose of this information is to provide a publicly available, spatially referenced, national dataset of Large Scale Solar Photovoltaic facilities (LSPV) and some of their technical specifications. An appropriate use of the data would be for scientific analysis, research, or for general interest for the public.</purpose>
      <supplinf>Compressed files provided within this data release product are in the ESRI shapefile format. The user must have software capable of uncompressing the file and displaying the shapefile. In lieu of ArcGIS, the user may utilize another GIS application package capable of importing the data.</supplinf>
    </descript>
    <timeperd>
      <timeinfo>
        <rngdates>
          <begdate>1982</begdate>
          <enddate>2024</enddate>
        </rngdates>
      </timeinfo>
      <current>ground condition</current>
    </timeperd>
    <status>
      <progress>Complete</progress>
      <update>Yearly</update>
    </status>
    <spdom>
      <bounding>
        <westbc>-177.4895</westbc>
        <eastbc>-45.8038</eastbc>
        <northbc>79.2014</northbc>
        <southbc>9.6212</southbc>
      </bounding>
    </spdom>
    <keywords>
      <theme>
        <themekt>None – Free Keywords</themekt>
        <themekey>Solar</themekey>
        <themekey>Photovoltaic</themekey>
        <themekey>ground-mounted large scale solar</themekey>
      </theme>
      <place>
        <placekt>GNIS</placekt>
        <placekey>United States</placekey>
      </place>
    </keywords>
    <accconst>None. Please see 'Distribution Info' for details.</accconst>
    <useconst>None. Users are advised to read the dataset's metadata thoroughly to understand appropriate use and data limitations.</useconst>
    <ptcontac>
      <cntinfo>
        <cntperp>
          <cntper>Sydny Fujita</cntper>
          <cntorg>Lawrence Berkeley National Laboratory</cntorg>
        </cntperp>
        <cntaddr>
          <addrtype>mailing and physical</addrtype>
          <address>1 Cyclotron Road</address>
          <city>Berkeley</city>
          <state>CA</state>
          <postal>94720</postal>
          <country>United States</country>
        </cntaddr>
        <cntvoice>510-486-5796</cntvoice>
        <cntemail>uspvdb@lbl.gov</cntemail>
      </cntinfo>
    </ptcontac>
    <datacred>Credit is given to USGS student interns for their contributions. Extensive update work was done by Kari E. Wellman for Version 3 of the USPVDB data. Tandie E. Gautreau made significant contributions to Versions 1 and 2, while Mary Straka contributed significantly to Version 1 only. 
The work described herein was supported by the U.S. Department of Energy’s Office of Energy Efficiency and Renewable Energy (EERE) under Solar Energy Technologies Office (SETO) Award Number 38419. The authors thank SETO for their support.
USGS personnel were also supported by the Energy Resources Program, including Evan Bargnesi, Eric Morrissey, Jeremy Ray, and the Land Change Science Program, with special thanks to Darren (Paco) Van Sistine for his reviews and comments. 
The authors acknowledge Robi Nilson from Lawrence Berkeley National Laboratory for his assistance in the production of these data. From the National Renewable Energy Laboratory (NREL), Gail Mosey was instrumental in sourcing and providing advice on the use of the EPA Matrix data; Jordan Macnick provided valuable advice and data for agrivoltaic sites; Jianyu Gu officially reviewed the data release; and Joe Rand reviewed this manuscript.
</datacred>
  </idinfo>
  <dataqual>
    <attracc>
      <attraccr>Large-scale solar photovoltaic (LSPV) polygons were created and spatially verified using aerial imagery to confirm or edit their correct positions. The map scale used while verifying and digitizing solar depended on location, need, and imagery availability. Authors used aerial imagery with a typical assessment map scale of 1:2,000 to 1:5,000. None of the spatial verification was done at a map scale smaller than 1:5,000. Uncertainty exists as indicated by the confidence level applied to each site location. Values range from 1 to 4 with lower values represent a lower confidence. 1- Multiphase facility or multiple Energy Information Administration (EIA) records with identical location. A single polygon is used to represent multiple facilities indistinguishable from one another; attributes may not reflect full scope of facilities. 2- Multiple polygons created, but EIA records are unclear; attributes may not reflect full scope of facilities. 3- Polygon reflects only a part of the facility due to poor image quality; the area of polygon may not reflect the full size of array(s). 4- Facility polygons created with high confidence.</attraccr>
    </attracc>
    <logic>No formal logical accuracy tests were conducted.</logic>
    <complete>Data set is considered complete for the information presented, as described in the abstract. Users are advised to read the metadata record carefully for additional details.  We recognize that there exist some number of U.S. LSPV facilities that are not included in the data. However, we do not attempt to append additional sites not in the base EIA 860 data, due to our inability to compile the same level of detailed attributes (e.g., capacity, site name, operational date, etc.).</complete>
    <posacc>
      <horizpa>
        <horizpar>No formal positional accuracy tests were conducted.</horizpar>
      </horizpa>
      <vertacc>
        <vertaccr>No formal positional accuracy tests were conducted.</vertaccr>
      </vertacc>
    </posacc>
    <lineage>
      <srcinfo>
        <srccite>
          <citeinfo>
            <origin>EIA</origin>
            <pubdate>202406</pubdate>
            <title>Form EIA-860 Data - Schedule 3, 'Solar Technology Data' (Operable Units Only)</title>
            <geoform>Digital and/or Hardcopy Resources</geoform>
            <onlink>https://www.eia.gov/electricity/data/eia860/</onlink>
          </citeinfo>
        </srccite>
        <typesrc>Digital and/or Hardcopy Resources</typesrc>
        <srctime>
          <timeinfo>
            <sngdate>
              <caldate>202406</caldate>
            </sngdate>
          </timeinfo>
          <srccurr>publication date</srccurr>
        </srctime>
        <srccitea>EIA-860</srccitea>
        <srccontr>Source information used in support of the development of the location of solar facilities.</srccontr>
      </srcinfo>
      <procstep>
        <procdesc>The USPVDB dataset creation process consisted of five primary stages, with iterative troubleshooting at several locations: (1) data collection and initial screening, (2) georectifying facility locations, (3) digitizing facility arrays, (4) quality checking and review, and (5) final formatting of the data.

Due to the large number of large-scale solar photovoltaic (LSPV) facilities in the United States, four analysts shared the digitizing work, generally each working through one state's facilities at a time. As part of the initial screening, facilities from the EIA data were included if the following criteria were met: (1) the generation technology is photovoltaic, (2) the panels are ground-mounted, parking canopy, or rooftop arrays, (3) the facility capacity is greater than or equal to 1 MW, and (4) the facility can be identified in high-resolution imagery.

To georectify the locations and shapes of photovoltaic (PV) facilities, we utilized EIA Form 860 data along with high-resolution aerial imagery from sources like Maxar, Planet, and Google Maps. Each location point was verified, and the shapes were digitized, with geospatial adjustments made based on visual confirmation from the imagery. We primarily relied on Maxar Technologies (MT) satellite imagery to determine the extent of solar arrays and for georectification due to its regularly updated imagery and the convenience of using an Enhanced View Web Hosting Service (EV-WHS) account and plug-in as the imagery as a base layer within ArcGIS. Maxar data vary in resolution and frequency of imaging across the United States. Higher populated areas tend to be imaged more frequently than sparsely populated rural areas, such that for some solar facilities, we could select the clearest image from a large set of dates when digitizing, while for others, we had only a single image to work from. Additionally, there is a temporal lag between the date a facility becomes operational and the most recent images in Maxar, ranging from several months to several years. Because of this delay in imaging, more recently constructed solar projects are less likely to be visible in the available satellite imagery.

We recognize that there are some U.S. LSPV facilities that are not included in the EIA data. However, we do not attempt to append additional sites to the EIA data due to resource and time limits to compile the same level of detailed attributes (e.g., capacity, site name, operational date, etc.).

Data is typically updated annually. This process involves reviewing and incorporating newer photovoltaic (PV) facilities from the previous year's EIA Form 860 data. Additionally, we refine or update previous version data based on the available imagery and resources to ensure accuracy and relevance.

For more details about the initial process, please refer to the journal article titled "Georectified polygon database of ground-mounted large-scale solar photovoltaic sites in the United States," available at https://doi.org/10.1038/s41597-023-02644-8.

</procdesc>
        <procdate>20250423</procdate>
      </procstep>
    </lineage>
  </dataqual>
  <spdoinfo>
    <direct>Vector</direct>
    <ptvctinf>
      <sdtsterm>
        <sdtstype>G-polygon</sdtstype>
        <ptvctcnt>5712</ptvctcnt>
      </sdtsterm>
    </ptvctinf>
  </spdoinfo>
  <spref>
    <horizsys>
      <planar>
        <mapproj>
          <mapprojn>Albers Conical Equal Area</mapprojn>
          <albers>
            <stdparll>20.0</stdparll>
            <stdparll>60.0</stdparll>
            <longcm>-96.0</longcm>
            <latprjo>40.0</latprjo>
            <feast>0.0</feast>
            <fnorth>0.0</fnorth>
          </albers>
        </mapproj>
        <planci>
          <plance>coordinate pair</plance>
          <coordrep>
            <absres>0.6096</absres>
            <ordres>0.6096</ordres>
          </coordrep>
          <plandu>meters</plandu>
        </planci>
      </planar>
      <geodetic>
        <horizdn>North_American_Datum_1983</horizdn>
        <ellips>GRS 1980</ellips>
        <semiaxis>6378137.0</semiaxis>
        <denflat>298.257222101</denflat>
      </geodetic>
    </horizsys>
  </spref>
  <eainfo>
    <detailed>
      <enttyp>
        <enttypl>Attribute Table</enttypl>
        <enttypd>Table containing attribute information associated with the data set.</enttypd>
        <enttypds>Producer Defined</enttypds>
      </enttyp>
      <attr>
        <attrlabl>FID</attrlabl>
        <attrdef>Internal feature number that is unique to the shapefile and not in the csv.</attrdef>
        <attrdefs>ESRI</attrdefs>
        <attrdomv>
          <udom>Sequential unique whole numbers that are automatically generated.</udom>
        </attrdomv>
      </attr>
      <attr>
        <attrlabl>Shape</attrlabl>
        <attrdef>Feature geometry that is unique to the shapefile and not in the csv.</attrdef>
        <attrdefs>ESRI</attrdefs>
        <attrdomv>
          <udom>Coordinates defining the features.</udom>
        </attrdomv>
      </attr>
      <attr>
        <attrlabl>case_id</attrlabl>
        <attrdef>Unique stable identification number.</attrdef>
        <attrdefs>Producer Defined</attrdefs>
        <attrdomv>
          <rdom>
            <rdommin>400004</rdommin>
            <rdommax>406667</rdommax>
          </rdom>
        </attrdomv>
      </attr>
      <attr>
        <attrlabl>multi_poly</attrlabl>
        <attrdef>Indicates the facility's polygon type, single or multi. Single-facility is represented by a single polygon. Multi-facility is represented by a multi-part polygon composed of at least two separate polygons, sharing a single record.</attrdef>
        <attrdefs>Producer Defined</attrdefs>
        <attrdomv>
          <edom>
            <edomv>single</edomv>
            <edomvd>Facility is represented by a single polygon.</edomvd>
            <edomvds>Producer Defined</edomvds>
          </edom>
        </attrdomv>
        <attrdomv>
          <edom>
            <edomv>multi</edomv>
            <edomvd>Facility is represented by a multi-part polygon composed of at least two separate polygons, sharing a single record.</edomvd>
            <edomvds>Producer Defined</edomvds>
          </edom>
        </attrdomv>
      </attr>
      <attr>
        <attrlabl>eia_id</attrlabl>
        <attrdef>Unique facility identifier from EIA Form 860 for cross-reference from the EIA Links to the EIA plant_code found in the CSV datasets at https://www.eia.gov/electricity/data/eia860/.</attrdef>
        <attrdefs>EIA</attrdefs>
        <attrdomv>
          <rdom>
            <rdommin>645</rdommin>
            <rdommax>67720</rdommax>
          </rdom>
        </attrdomv>
      </attr>
      <attr>
        <attrlabl>p_state</attrlabl>
        <attrdef>Postal 2-letter state abbreviation in which a point representation (ylat and xlong) of the LSPV facility is located, computed in ArcMap using U.S. Census/U.S. Postal Service.</attrdef>
        <attrdefs>U.S. Census</attrdefs>
        <attrdomv>
          <codesetd>
            <codesetn>U.S. Postal 2-Letter State</codesetn>
            <codesets>U.S. Census / U.S. Postal Service https://www2.census.gov/geo/tiger/TIGER_RD18/LAYER/.</codesets>
          </codesetd>
        </attrdomv>
      </attr>
      <attr>
        <attrlabl>p_county</attrlabl>
        <attrdef>Name of the county in which a point representation of the LSPV facility is located.</attrdef>
        <attrdefs>U.S. Census</attrdefs>
        <attrdomv>
          <udom>Name of county in which a point representation (ylat and xlong) of the LSPV facility is located. Computed in ArcMap using U.S. Census maps https://www2.census.gov/geo/tiger/TIGER_RD18/LAYER/.</udom>
        </attrdomv>
      </attr>
      <attr>
        <attrlabl>ylat</attrlabl>
        <attrdef>Latitude of a point representation of the LSPV facility's location, in decimal degrees, calculated in ArcMap using the calculate geometry tool with North American 1983 (NAD 83) coordinate system. Representative points are a single point intended to reflect the location of facility panels as accurately as possible. For single-array facilities, values are calculated in the center of the array. For multi-part polygons, values are generated within the array that is closest to the centroid of the multi-part polygon.</attrdef>
        <attrdefs>Producer Defined</attrdefs>
        <attrdomv>
          <rdom>
            <rdommin>19.901075
</rdommin>
            <rdommax>66.83847
</rdommax>
            <attrunit>decimal degrees</attrunit>
          </rdom>
        </attrdomv>
      </attr>
      <attr>
        <attrlabl>xlong</attrlabl>
        <attrdef>Longitude of a point representation of the LSPV facility's location, in decimal degrees, calculated in ArcMap using the calculate geometry tool with North American 1983 (NAD 83) coordinate system. Representative points are a single point intended to reflect the location of facility panels as accurately as possible. For single-array facilities, values are calculated in the center of the array. For multi-part polygons, values are generated within the array that is closest to the centroid of the multi-part polygon.</attrdef>
        <attrdefs>Producer Defined</attrdefs>
        <attrdomv>
          <rdom>
            <rdommin>-162.553146
</rdommin>
            <rdommax>-67.838257
</rdommax>
            <attrunit>decimal degrees</attrunit>
          </rdom>
        </attrdomv>
      </attr>
      <attr>
        <attrlabl>p_area</attrlabl>
        <attrdef>Area of the facility array(s) in square meters (sq m), calculated in ArcMap with the calculate geometry tool with Albers Equal Area Conic projection. This area only includes facility panels and inverters and does not include buildings, facility fence lines, nor the full disturbed area.</attrdef>
        <attrdefs>Producer Defined</attrdefs>
        <attrdomv>
          <rdom>
            <rdommin>566</rdommin>
            <rdommax>19603477
</rdommax>
            <attrunit>square meters (sq m)</attrunit>
          </rdom>
        </attrdomv>
      </attr>
      <attr>
        <attrlabl>p_img_date</attrlabl>
        <attrdef>Acquisition date in yyyymmdd format of the aerial image used to confirm the facility location and geometry, from aerial image vendor (Maxar) metadata.</attrdef>
        <attrdefs>MAXAR Global EDG https://www.maxar.com/.</attrdefs>
        <attrdomv>
          <rdom>
            <rdommin>20090417</rdommin>
            <rdommax>20250311</rdommax>
          </rdom>
        </attrdomv>
      </attr>
      <attr>
        <attrlabl>p_dig_conf</attrlabl>
        <attrdef>Level of confidence in the facility's attributes, from low to high. Higher values represent a higher confidence.</attrdef>
        <attrdefs>Producer Defined</attrdefs>
        <attrdomv>
          <edom>
            <edomv>1</edomv>
            <edomvd>Value 1 - multi-phase facility or multiple EIA records with an identical location. A single polygon used to represent multiple facilities indistinguishable from one another; attributes may not accurately describe the actual installed facilities.</edomvd>
            <edomvds>Producer Defined</edomvds>
          </edom>
        </attrdomv>
        <attrdomv>
          <edom>
            <edomv>2</edomv>
            <edomvd>Value 2 - multiple polygons created, but EIA records are unclear; attributes may not accurately describe the actual installed facilities.</edomvd>
            <edomvds>Producer Defined</edomvds>
          </edom>
        </attrdomv>
        <attrdomv>
          <edom>
            <edomv>3</edomv>
            <edomvd>Value 3 - polygon reflects only a part of the facility due to poor image quality; area of polygon may not accurately describe the actual installed facilities.</edomvd>
            <edomvds>Producer Defined</edomvds>
          </edom>
        </attrdomv>
        <attrdomv>
          <edom>
            <edomv>4</edomv>
            <edomvd>Value 4 - facility polygons created with high confidence.</edomvd>
            <edomvds>Producer Defined</edomvds>
          </edom>
        </attrdomv>
      </attr>
      <attr>
        <attrlabl>p_name</attrlabl>
        <attrdef>Facility name from EIA Form 860. Names may be slightly adjusted for format consistency.</attrdef>
        <attrdefs>EIA</attrdefs>
        <attrdomv>
          <udom>Facility name from EIA Form 860.</udom>
        </attrdomv>
      </attr>
      <attr>
        <attrlabl>p_year</attrlabl>
        <attrdef>Year the facility began operating from EIA form 860.</attrdef>
        <attrdefs>EIA</attrdefs>
        <attrdomv>
          <rdom>
            <rdommin>1985</rdommin>
            <rdommax>2024</rdommax>
          </rdom>
        </attrdomv>
      </attr>
      <attr>
        <attrlabl>p_pwr_reg</attrlabl>
        <attrdef>Common abbreviation of regional power authority name (e.g., MISO) from EIA Form 860; some records for Hawaii are missing as they were not included in EIA data.</attrdef>
        <attrdefs>EIA</attrdefs>
        <attrdomv>
          <edom>
            <edomv>missing</edomv>
            <edomvd>"missing" values in the shapefile and blank values in the CSV are unknown.</edomvd>
            <edomvds>Producer Defined</edomvds>
          </edom>
        </attrdomv>
        <attrdomv>
          <udom>Common abbreviation of regional power authority name (e.g., MISO) from EIA Form 860.</udom>
        </attrdomv>
      </attr>
      <attr>
        <attrlabl>p_tech_pri</attrlabl>
        <attrdef>Electric generation technology type (e.g., PV ) from EIA Form 860.</attrdef>
        <attrdefs>EIA</attrdefs>
        <attrdomv>
          <edom>
            <edomv>PV</edomv>
            <edomvd>Photovoltaic. Photovoltaics (PV) convert light into electricity using semiconducting materials. Only one p_tech_pri type is in this data at this time.</edomvd>
            <edomvds>Producer Defined</edomvds>
          </edom>
        </attrdomv>
      </attr>
      <attr>
        <attrlabl>p_tech_sec</attrlabl>
        <attrdef>Additional detail on panel type (e.g., thin film, c-Si) from EIA Form 860.</attrdef>
        <attrdefs>EIA</attrdefs>
        <attrdomv>
          <edom>
            <edomv>missing</edomv>
            <edomvd>"missing" values in the shapefile and blank values in the CSV are unknown.</edomvd>
            <edomvds>Producer Defined</edomvds>
          </edom>
        </attrdomv>
        <attrdomv>
          <edom>
            <edomv>c-si</edomv>
            <edomvd>Crystalline silicon or c-Si is the crystalline forms of silicon, either polycrystalline silicon (poly-Si, consisting of small crystals), or monocrystalline silicon (mono-Si, a continuous crystal). Crystalline silicon is the dominant semiconducting material used in photovoltaic technology for the production of solar cells.</edomvd>
            <edomvds>EIA</edomvds>
          </edom>
        </attrdomv>
        <attrdomv>
          <edom>
            <edomv>thin-film</edomv>
            <edomvd>Thin-film solar cells (TFSC) are manufactured using a single or multiple layers of PV elements over a surface comprised of a variety of glass, plastic, or metal.</edomvd>
            <edomvds>EIA</edomvds>
          </edom>
        </attrdomv>
        <attrdomv>
          <edom>
            <edomv>c-si,cpv,thin-film</edomv>
            <edomvd>Crystalline silicon or c-Si is the crystalline forms of silicon, either polycrystalline silicon (poly-Si, consisting of small crystals), or monocrystalline silicon (mono-Si, a continuous crystal). Crystalline silicon is the dominant semiconducting material used in photovoltaic technology for the production of solar cells. Concentrator photovoltaics (CPV) (also known as concentration photovoltaics) is a photovoltaic technology that generates electricity from sunlight. Unlike conventional photovoltaic systems, it uses lenses or curved mirrors to focus sunlight onto small, highly efficient, multi-junction (MJ) solar cells. Thin-film solar cells (TFSC) are manufactured using a single or multiple layers of PV elements over a surface comprised of a variety of glass, plastic, or metal.</edomvd>
            <edomvds>EIA</edomvds>
          </edom>
        </attrdomv>
        <attrdomv>
          <edom>
            <edomv>c-si,thin-film</edomv>
            <edomvd>Crystalline silicon or c-Si is the crystalline forms of silicon, either polycrystalline silicon (poly-Si, consisting of small crystals), or monocrystalline silicon (mono-Si, a continuous crystal). Crystalline silicon is the dominant semiconducting material used in photovoltaic technology for the production of solar cells. Thin-film solar cells (TFSC) are manufactured using a single or multiple layers of PV elements over a surface comprised of a variety of glass, plastic, or metal.</edomvd>
            <edomvds>EIA</edomvds>
          </edom>
        </attrdomv>
        <attrdomv>
          <edom>
            <edomv>cpv</edomv>
            <edomvd>Concentrator photovoltaics (CPV) (also known as concentration photovoltaics) is a photovoltaic technology that generates electricity from sunlight. Unlike conventional photovoltaic systems, it uses lenses or curved mirrors to focus sunlight onto small, highly efficient, multi-junction (MJ) solar cells.</edomvd>
            <edomvds>EIA</edomvds>
          </edom>
        </attrdomv>
        <attrdomv>
          <edom>
            <edomv>c-si,cpv</edomv>
            <edomvd>Crystalline silicon or (c-Si) is the crystalline form of silicon, either polycrystalline silicon (poly-Si, consisting of small crystals), or monocrystalline silicon (mono-Si, a continuous crystal). Crystalline silicon is the dominant semiconducting material used in photovoltaic technology for the production of solar cells. Concentrator photovoltaics (CPV) (also known as concentration photovoltaics) is a photovoltaic technology that generates electricity from sunlight. Unlike conventional photovoltaic systems, it uses lenses or curved mirrors to focus sunlight onto small, highly efficient, multi-junction (MJ) solar cells.</edomvd>
            <edomvds>EIA</edomvds>
          </edom>
        </attrdomv>
      </attr>
      <attr>
        <attrlabl>p_sys_type</attrlabl>
        <attrdef>This field denotes the general type of each large-scale PV facility system type, as when viewed in an image. Facilities are categorized as: ground mounted system (“ground”), rooftop system (“rooftop”), parking lot canopy system (“canopy”), a system floating on a body of water (“floating”), or a combination of several of these system descriptors (e.g., “canopy,rooftop”).</attrdef>
        <attrdefs>Producer Defined</attrdefs>
        <attrdomv>
          <edom>
            <edomv>ground</edomv>
            <edomvd>Ground mounted system, typically in open land areas.</edomvd>
            <edomvds>Producer Defined</edomvds>
          </edom>
        </attrdomv>
        <attrdomv>
          <edom>
            <edomv>canopy</edomv>
            <edomvd>Canopy system on elevated structures and over surfaces like parking lots.</edomvd>
            <edomvds>Producer Defined</edomvds>
          </edom>
        </attrdomv>
        <attrdomv>
          <edom>
            <edomv>rooftop</edomv>
            <edomvd>Systems mounted on building rooftops.</edomvd>
            <edomvds>Producer Defined</edomvds>
          </edom>
        </attrdomv>
        <attrdomv>
          <edom>
            <edomv>canopy,rooftop</edomv>
            <edomvd>Canopy system on elevated structures and over surfaces like parking lots. Systems mounted on building rooftops.</edomvd>
            <edomvds>Producer Defined</edomvds>
          </edom>
        </attrdomv>
        <attrdomv>
          <edom>
            <edomv>canopy,ground,rooftop</edomv>
            <edomvd>Canopy system on elevated structures and over surfaces like parking lots. Ground mounted system, typically in open land areas. Systems mounted on building rooftops.</edomvd>
            <edomvds>Producer Defined</edomvds>
          </edom>
        </attrdomv>
        <attrdomv>
          <edom>
            <edomv>canopy,ground</edomv>
            <edomvd>Canopy system on elevated structures and over surfaces like parking lots. Ground mounted system, typically in open land areas.</edomvd>
            <edomvds>Producer Defined</edomvds>
          </edom>
        </attrdomv>
        <attrdomv>
          <edom>
            <edomv>floating</edomv>
            <edomvd>Floating system on a body of water.</edomvd>
            <edomvds>Producer Defined</edomvds>
          </edom>
        </attrdomv>
        <attrdomv>
          <edom>
            <edomv>ground,rooftop</edomv>
            <edomvd>Ground mounted system, typically in open land areas. Systems mounted on building rooftops.</edomvd>
            <edomvds>Producer Defined</edomvds>
          </edom>
        </attrdomv>
      </attr>
      <attr>
        <attrlabl>p_axis</attrlabl>
        <attrdef>Array axis type (e.g., single-axis)from EIA Form 860.</attrdef>
        <attrdefs>EIA</attrdefs>
        <attrdomv>
          <edom>
            <edomv>fixed-tilt</edomv>
            <edomvd>A fixed-tilt array is a type of solar panel installation in which the solar panels are mounted at a fixed angle and orientation, typically facing south to maximize sunlight exposure.</edomvd>
            <edomvds>EIA</edomvds>
          </edom>
        </attrdomv>
        <attrdomv>
          <edom>
            <edomv>single-axis</edomv>
            <edomvd>A single-axis solar tracker is a unidirectional system that can move only on one axis of movement, which typically allows for it to move east to west.</edomvd>
            <edomvds>EIA</edomvds>
          </edom>
        </attrdomv>
        <attrdomv>
          <edom>
            <edomv>fixed-tilt,single-axis</edomv>
            <edomvd>A fixed-tilt array is a type of solar panel installation in which the solar panels are mounted at a fixed angle and orientation, typically facing south to maximize sunlight exposure. A single-axis solar tracker is a unidirectional system that can move only on one axis of movement, which typically allows for it to move east to west.</edomvd>
            <edomvds>EIA</edomvds>
          </edom>
        </attrdomv>
        <attrdomv>
          <edom>
            <edomv>dual-axis</edomv>
            <edomvd>Dual-axis solar panels allow multi-directional tracking so the solar panels maintain an optimal 90° angle to the sun at all times.</edomvd>
            <edomvds>EIA</edomvds>
          </edom>
        </attrdomv>
        <attrdomv>
          <edom>
            <edomv>dual-axis,fixed-tilt,single-axis</edomv>
            <edomvd>Dual-axis solar panels allow multi-directional tracking so the solar panels maintain an optimal 90° angle to the sun at all times. A fixed-tilt array is a type of solar panel installation in which the solar panels are mounted at a fixed angle and orientation, typically facing south to maximize sunlight exposure. A single-axis solar tracker is a unidirectional system that can move only on one axis of movement, which typically allows for it to move east to west.</edomvd>
            <edomvds>EIA</edomvds>
          </edom>
        </attrdomv>
      </attr>
      <attr>
        <attrlabl>p_azimuth</attrlabl>
        <attrdef>Array azimuth (i.e., east-west orientation in degrees) from EIA Form 860. A single-axis solar tracker is a unidirectional system that can move only on one axis of movement, which typically allows for it to move east to west.  If multiple angles were provided, the average was calculated for the matching plant IDs</attrdef>
        <attrdefs>EIA</attrdefs>
        <attrdomv>
          <edom>
            <edomv>-9999</edomv>
            <edomvd>No values provided by the EIA. -9999 in shapefile and blank in CSV.</edomvd>
            <edomvds>Producer Defined</edomvds>
          </edom>
        </attrdomv>
        <attrdomv>
          <rdom>
            <rdommin>0</rdommin>
            <rdommax>360</rdommax>
            <attrunit>degrees</attrunit>
          </rdom>
        </attrdomv>
      </attr>
      <attr>
        <attrlabl>p_tilt</attrlabl>
        <attrdef>Tilt angle of panels (i.e., angle of panels from horizontal in degrees) from EIA Form 860.  If multiple angles were provided, the average was calculated for the matching plant IDs.</attrdef>
        <attrdefs>EIA</attrdefs>
        <attrdomv>
          <edom>
            <edomv>-9999</edomv>
            <edomvd>No values provided by the EIA. -9999 in shapefile and blank in CSV.</edomvd>
            <edomvds>Producer Defined</edomvds>
          </edom>
        </attrdomv>
        <attrdomv>
          <rdom>
            <rdommin>0</rdommin>
            <rdommax>90</rdommax>
            <attrunit>degrees</attrunit>
          </rdom>
        </attrdomv>
      </attr>
      <attr>
        <attrlabl>p_battery</attrlabl>
        <attrdef>Indicator of the presence of battery storage at the facility from EIA Form 860.</attrdef>
        <attrdefs>EIA</attrdefs>
        <attrdomv>
          <edom>
            <edomv>missing</edomv>
            <edomvd>No values provided by the EIA, was blank. Missing in shapefile and blank in CSV.</edomvd>
            <edomvds>Producer Defined</edomvds>
          </edom>
        </attrdomv>
        <attrdomv>
          <edom>
            <edomv>batteries</edomv>
            <edomvd>Battery energy storage.</edomvd>
            <edomvds>Producer Defined</edomvds>
          </edom>
        </attrdomv>
      </attr>
      <attr>
        <attrlabl>p_cap_ac</attrlabl>
        <attrdef>Facility capacity in megawatts AC (Alternating Current) from EIA Form 860.</attrdef>
        <attrdefs>EIA</attrdefs>
        <attrdomv>
          <rdom>
            <rdommin>0.2</rdommin>
            <rdommax>690.0</rdommax>
            <attrunit>megawatts</attrunit>
          </rdom>
        </attrdomv>
      </attr>
      <attr>
        <attrlabl>p_cap_dc</attrlabl>
        <attrdef>Facility capacity in megawatts DC (Direct Current) from EIA Form 860.</attrdef>
        <attrdefs>EIA</attrdefs>
        <attrdomv>
          <rdom>
            <rdommin>1.0</rdommin>
            <rdommax>753.0</rdommax>
          </rdom>
        </attrdomv>
      </attr>
      <attr>
        <attrlabl>p_type</attrlabl>
        <attrdef>General categorization of facility mostly from the EPA's RE-Powering Matrix ("Matrix dataset").</attrdef>
        <attrdefs>Producer Defined</attrdefs>
        <attrdomv>
          <edom>
            <edomv>greenfield</edomv>
            <edomvd>Greenfield facilities encompass the remainder of LSPV facilities that do not fall into one of the other named categories. Greenfield sites represent the majority of LSPV facilities and occupy land that may have previously been wildland, urbanized, cultivated, or reclaimed. Populated from EPA's Repowering Matrix (https://www.epa.gov/re-powering/re-powering-tracking-matrix) and producer adjusted as described.</edomvd>
            <edomvds>Producer Defined</edomvds>
          </edom>
        </attrdomv>
        <attrdomv>
          <edom>
            <edomv>superfund</edomv>
            <edomvd>Superfund sites are inactive or abandoned contaminated facilities or locations where there is an active release or threatened release into the environment of hazardous substances that have been dumped, discharged, emitted or otherwise improperly managed. These sites may include manufacturing and industrial facilities, processing plants, landfills, and mining sites, among others. Taken directly from the Matrix dataset.</edomvd>
            <edomvds>EPA matrix defined</edomvds>
          </edom>
        </attrdomv>
        <attrdomv>
          <edom>
            <edomv>landfill</edomv>
            <edomvd>Sites that have been designated as landfills in EPA's RE-Powering Matrix. Taken directly from the Matrix dataset.</edomvd>
            <edomvds>EPA matrix defined</edomvds>
          </edom>
        </attrdomv>
        <attrdomv>
          <edom>
            <edomv>AML</edomv>
            <edomvd>AML (Abandoned Mine Land) includes abandoned hardrock mines and mineral processing sites listed in the Superfund Enterprise Management System (SEMS) at this time. Taken directly from the Matrix dataset.</edomvd>
            <edomvds>EPA matrix defined</edomvds>
          </edom>
        </attrdomv>
        <attrdomv>
          <edom>
            <edomv>PCSC</edomv>
            <edomvd>PCSC (Previous, Current, or Suspected Contamination). When no specific designation is provided in the Matrix dataset, "brownfield" sites were assigned to a generalized PCSC facility type.</edomvd>
            <edomvds>Producer Defined</edomvds>
          </edom>
        </attrdomv>
        <attrdomv>
          <edom>
            <edomv>RCRA</edomv>
            <edomvd>RCRA (Resource Conservation and Recovery Act) - sites are a specific category of commercial, industrial and federal facilities that treat, store or dispose of hazardous wastes and that require cleanup under the RCRA Hazardous Waste Corrective Action Program. Taken directly from the Matrix dataset.</edomvd>
            <edomvds>EPA matrix defined</edomvds>
          </edom>
        </attrdomv>
        <attrdomv>
          <edom>
            <edomv>landfill named</edomv>
            <edomvd>Assigned in cases where EPA did not identify the site as a landfill, but the facility name includes the word "landfill". It is possible that these sites have been sufficiently cleaned or were never contaminated to the point of meeting the PCSC designation; thus, they are distinguished from EPA-designated landfill sites.</edomvd>
            <edomvds>Producer Defined</edomvds>
          </edom>
        </attrdomv>
      </attr>
      <attr>
        <attrlabl>p_agrivolt</attrlabl>
        <attrdef>Agrivoltaic facilities make use of the land between panel rows and surrounding arrays for agricultural uses (i.e., crop production or grazing) and/or ecosystem services (e.g., pollinator habitat). Agrivoltaic sites are categorized into the following designations: crop, crop,es, es, grazing, grazing,es, non-agrivoltaic. See https://openei.org/wiki/InSPIRE/Agrivoltaics_Map.</attrdef>
        <attrdefs>OpenEI-defined through the InSPIRE dataset</attrdefs>
        <attrdomv>
          <edom>
            <edomv>crop</edomv>
            <edomvd>Crop.</edomvd>
            <edomvds>OpenEI-defined through the InSPIRE dataset</edomvds>
          </edom>
        </attrdomv>
        <attrdomv>
          <edom>
            <edomv>non-agrivolatic</edomv>
            <edomvd>Non-agrivoltaic.</edomvd>
            <edomvds>OpenEI-defined through the InSPIRE dataset</edomvds>
          </edom>
        </attrdomv>
        <attrdomv>
          <edom>
            <edomv>grazing</edomv>
            <edomvd>Grazing.</edomvd>
            <edomvds>OpenEI-defined through the InSPIRE dataset</edomvds>
          </edom>
        </attrdomv>
        <attrdomv>
          <edom>
            <edomv>es</edomv>
            <edomvd>Ecosystem services (e.g., pollinator habitat).</edomvd>
            <edomvds>OpenEI-defined through the InSPIRE dataset</edomvds>
          </edom>
        </attrdomv>
        <attrdomv>
          <edom>
            <edomv>es,grazing</edomv>
            <edomvd>Ecosystem services (e.g., pollinator habitat). Grazing.</edomvd>
            <edomvds>OpenEI-defined through the InSPIRE dataset</edomvds>
          </edom>
        </attrdomv>
        <attrdomv>
          <edom>
            <edomv>crop,es</edomv>
            <edomvd>Crop. Ecosystem services (e.g., pollinator habitat).</edomvd>
            <edomvds>OpenEI-defined through the InSPIRE dataset</edomvds>
          </edom>
        </attrdomv>
        <attrdomv>
          <edom>
            <edomv>crop,grazing</edomv>
            <edomvd>Crop.Grazing.</edomvd>
            <edomvds>OpenEI-defined through the InSPIRE dataset</edomvds>
          </edom>
        </attrdomv>
      </attr>
      <attr>
        <attrlabl>p_comm</attrlabl>
        <attrdef>Indicator of community solar facilities, in which customers, including individuals and/or businesses, typically subscribe to, or in some cases own, a portion of the energy generated by a solar array. For facilities meeting this definition, this field has a value of “community solar;” it is otherwise blank in the CSV or "missing" in the shapefile.</attrdef>
        <attrdefs>Producer Defined</attrdefs>
        <attrdomv>
          <edom>
            <edomv>missing</edomv>
            <edomvd>"missing" values in the shapefile and blank values in the CSV are unknown.</edomvd>
            <edomvds>Producer defined</edomvds>
          </edom>
        </attrdomv>
        <attrdomv>
          <edom>
            <edomv>community solar</edomv>
            <edomvd>Community solar projects are a purchasing program type, within a geographic area, in which the benefits of solar generation flow to multiple customers, such as individuals, businesses, nonprofits, and other groups. Customers typically subscribe to it.</edomvd>
            <edomvds>Producer Defined</edomvds>
          </edom>
        </attrdomv>
      </attr>
      <attr>
        <attrlabl>p_zscore</attrlabl>
        <attrdef>The z-score of the ratio of facility capacity (in DC) and facility area (p_cap_dc/p_area). A z-score measures how far a record is from the mean of all records in the field in units of standard deviations. Records with high or low z-scores may have an error in either p_cap_dc or p_area.</attrdef>
        <attrdefs>Producer Defined</attrdefs>
        <attrdomv>
          <rdom>
            <rdommin>-1.327123352</rdommin>
            <rdommax>36.53150926</rdommax>
          </rdom>
        </attrdomv>
      </attr>
    </detailed>
    <overview>
      <eaover>Associated files have a naming convention by current version and date. Files include shapefile, CSV, FGDC-compliant metadata, and a changelog.</eaover>
      <eadetcit>The suggested citation for use in academic papers and otherwise where applicable is as follows: Fujita, K.S., Ancona, Z.H., Kramer, L.A., Straka, M., Gautreau, T.E., Garrity, C.P., Robson, D., Diffendorfer, J.E., and Hoen, B., 2023, United States Large-Scale Solar Photovoltaic Database (ver. 3.0, April 2025): U.S. Geological Survey and Lawrence Berkeley National Laboratory data release, https://doi.org/10.5066/P9IA3TUS.</eadetcit>
    </overview>
  </eainfo>
  <distinfo>
    <distrib>
      <cntinfo>
        <cntorgp>
          <cntorg>U.S. Geological Survey - ScienceBase</cntorg>
        </cntorgp>
        <cntaddr>
          <addrtype>mailing address</addrtype>
          <address>Denver Federal Center</address>
          <address>Building 810</address>
          <address>Mail Stop 302</address>
          <city>Denver</city>
          <state>CO</state>
          <postal>80225</postal>
        </cntaddr>
        <cntvoice>1-888-275-8747</cntvoice>
        <cntemail>sciencebase@usgs.gov</cntemail>
      </cntinfo>
    </distrib>
    <distliab>Unless otherwise stated, all data, metadata, and related materials are considered to satisfy the quality standards relative to the purpose for which the data were collected. Although these data and associated metadata have been reviewed for accuracy and completeness and approved for release by the U.S. Geological Survey (USGS), no warranty expressed or implied is made regarding the display or utility of the data for other purposes, nor on all computer systems, nor shall the act of distribution constitute any such warranty. Any use of trade, firm, or product names is for descriptive purposes only and does not imply endorsement by the U.S. Government.</distliab>
    <stdorder>
      <digform>
        <digtinfo>
          <formname>SHP CSV</formname>
        </digtinfo>
        <digtopt>
          <onlinopt>
            <computer>
              <networka>
                <networkr>https://doi.org/10.5066/P9IA3TUS</networkr>
                <networkr>https://energy.usgs.gov/uspvdb/</networkr>
              </networka>
            </computer>
          </onlinopt>
        </digtopt>
      </digform>
      <fees>None</fees>
    </stdorder>
  </distinfo>
  <metainfo>
    <metd>20250418</metd>
    <metc>
      <cntinfo>
        <cntperp>
          <cntper>Louisa Kramer</cntper>
          <cntorg>Geology, Energy, and Minerals Science Center</cntorg>
        </cntperp>
        <cntpos>GIScience</cntpos>
        <cntaddr>
          <addrtype>mailing address</addrtype>
          <address>12201 Sunrise Valley Drive</address>
          <city>Reston</city>
          <state>VA</state>
          <postal>20192</postal>
          <country>United States</country>
        </cntaddr>
        <cntvoice>703-648-6426</cntvoice>
        <cntemail>GS-USWTDB@usgs.gov</cntemail>
      </cntinfo>
    </metc>
    <metstdn>FGDC Content Standard for Digital Geospatial Metadata</metstdn>
    <metstdv>FGDC-STD-001-1998</metstdv>
  </metainfo>
</metadata>
